Timestamp,N_Amostras,N_Classes,Acuracia,Precision_Macro,Recall_Macro,F1_Macro,F1_Weighted,Balanced_Accuracy,Hash_Base,Maquina,Versao_Motor
2026-09-27T21:51:52.000Z,14112,49,0.7754,0.4353,0.4099,0.4067,0.7529,0.4099,dda721cb40cdb3b7,GOOGLE_COLAB_CLOUD [LSTM],v4.0.8
2026-09-27T22:03:20.000Z,14112,49,0.7687,0.4363,0.426,0.4199,0.7488,0.426,dda721cb40cdb3b7,GOOGLE_COLAB_CLOUD [LSTM],v4.0.8
2026-09-27T22:19:21.000Z,14112,49,0.7832,0.5009,0.441,0.4478,0.7638,0.441,dda721cb40cdb3b7,GOOGLE_COLAB_CLOUD [LSTM],v4.0.8
2026-09-27T22:33:44.000Z,14112,49,0.7779,0.4585,0.463,0.4571,0.7639,0.463,dda721cb40cdb3b7,GOOGLE_COLAB_CLOUD [LSTM],v4.0.8
2026-09-27T22:48:28.000Z,14112,49,0.7715,0.4575,0.4131,0.4092,0.7495,0.4131,dda721cb40cdb3b7,GOOGLE_COLAB_CLOUD [LSTM],v4.0.8
2026-09-28T00:28:19.000Z,14112,49,0.7701,0.4081,0.4026,0.3955,0.7478,0.4026,dda721cb40cdb3b7,GOOGLE_COLAB_CLOUD [LSTM],v4.0.8
2026-09-28T00:36:38.000Z,14112,49,0.7779,0.4617,0.4122,0.4119,0.7544,0.4122,dda721cb40cdb3b7,GOOGLE_COLAB_CLOUD [LSTM],v4.0.8
2026-09-28T00:49:56.000Z,14112,49,0.7751,0.4714,0.4383,0.4337,0.7524,0.4383,dda721cb40cdb3b7,GOOGLE_COLAB_CLOUD [LSTM],v4.0.8
2026-09-28T01:02:22.000Z,14112,49,0.7612,0.4294,0.4003,0.3898,0.7336,0.4003,dda721cb40cdb3b7,GOOGLE_COLAB_CLOUD [LSTM],v4.0.8
2026-09-28T01:17:59.000Z,14112,49,0.768,0.4435,0.4245,0.4227,0.7478,0.4245,dda721cb40cdb3b7,GOOGLE_COLAB_CLOUD [LSTM],v4.0.8
2026-09-28T01:32:58.000Z,14112,49,0.7694,0.455,0.4173,0.424,0.7472,0.4173,dda721cb40cdb3b7,GOOGLE_COLAB_CLOUD [LSTM],v4.0.8
2026-09-28T01:48:20.000Z,14112,49,0.7651,0.3959,0.3998,0.3826,0.7381,0.3998,dda721cb40cdb3b7,GOOGLE_COLAB_CLOUD [LSTM],v4.0.8
2026-09-28T02:03:26.000Z,14112,49,0.7729,0.4611,0.4428,0.4399,0.7536,0.4428,dda721cb40cdb3b7,GOOGLE_COLAB_CLOUD [LSTM],v4.0.8
2026-09-28T02:18:10.000Z,14112,49,0.7662,0.5149,0.4455,0.449,0.7475,0.4455,dda721cb40cdb3b7,GOOGLE_COLAB_CLOUD [LSTM],v4.0.8
2026-09-28T02:33:15.000Z,14112,49,0.7839,0.4519,0.4395,0.4372,0.7653,0.4395,dda721cb40cdb3b7,GOOGLE_COLAB_CLOUD [LSTM],v4.0.8
2026-09-28T02:48:06.000Z,14112,49,0.7751,0.4482,0.4233,0.4204,0.75,0.4233,dda721cb40cdb3b7,GOOGLE_COLAB_CLOUD [LSTM],v4.0.8
2026-09-28T03:02:50.000Z,14112,49,0.7793,0.4264,0.4272,0.419,0.7528,0.4272,dda721cb40cdb3b7,GOOGLE_COLAB_CLOUD [LSTM],v4.0.8
2026-09-28T03:18:54.000Z,14112,49,0.7807,0.5008,0.4664,0.4543,0.7652,0.4664,dda721cb40cdb3b7,GOOGLE_COLAB_CLOUD [LSTM],v4.0.8
2026-09-28T03:32:31.000Z,14112,49,0.7701,0.3653,0.3923,0.3756,0.7421,0.3923,dda721cb40cdb3b7,GOOGLE_COLAB_CLOUD [LSTM],v4.0.8
2026-09-28T03:47:55.000Z,14112,49,0.7821,0.4619,0.4417,0.4421,0.7636,0.4417,dda721cb40cdb3b7,GOOGLE_COLAB_CLOUD [LSTM],v4.0.8
2026-09-28T11:34:54.000Z,14112,49,0.7821,0.4919,0.4731,0.4654,0.7627,0.4731,dda721cb40cdb3b7,GOOGLE_COLAB_CLOUD [LSTM],v4.0.8
2026-09-28T11:49:34.000Z,14112,49,0.7662,0.4271,0.3887,0.3874,0.7408,0.3887,dda721cb40cdb3b7,GOOGLE_COLAB_CLOUD [LSTM],v4.0.8
