Período,Quantidade Real,ARIMA,SARIMAX-12,SARIMAX-6,Holt-Winters,Prophet/UC,Theta,GradientBoosting,LSTM_Forecast,Ensemble,Vencedor (menor RMSE holdout = 32.45)
2015-01-01T02:00:00.000Z,1,0,5,4,-3,3,,,40,9,In-sample
2015-02-01T02:00:00.000Z,0,1,9,7,0,6,,,-6,3,In-sample
2015-03-01T03:00:00.000Z,0,2,2,-5,18,5,,,23,8,In-sample
2015-04-01T03:00:00.000Z,1,0,-3,-9,-4,-2,,,16,0,In-sample
2015-05-01T03:00:00.000Z,2,-1,-7,-5,27,-4,,,6,4,In-sample
2015-06-01T03:00:00.000Z,2,1,-1,1,-3,-1,,,-8,-2,In-sample
2015-07-01T03:00:00.000Z,4,4,1,7,-3,-2,,,18,4,In-sample
2015-08-01T03:00:00.000Z,6,3,11,2,-2,7,,,-4,3,In-sample
2015-09-01T03:00:00.000Z,2,7,7,4,-14,6,,,35,7,In-sample
2015-10-01T03:00:00.000Z,5,5,5,14,16,5,,,3,8,In-sample
2015-11-01T02:00:00.000Z,3,4,-5,7,3,1,,,1,2,In-sample
2015-12-01T02:00:00.000Z,2,4,10,7,-17,7,,,33,7,In-sample
2016-01-01T02:00:00.000Z,6,3,6,11,17,4,,,15,10,In-sample
2016-02-01T02:00:00.000Z,7,4,-11,1,11,-2,,8,21,5,In-sample
2016-03-01T03:00:00.000Z,11,8,-11,-2,27,4,,15,16,8,In-sample
2016-04-01T03:00:00.000Z,15,10,0,10,6,10,,17,28,11,In-sample
2016-05-01T03:00:00.000Z,16,14,28,20,40,18,,18,-3,20,In-sample
2016-06-01T03:00:00.000Z,15,17,17,15,10,19,,18,33,19,In-sample
2016-07-01T03:00:00.000Z,26,17,20,17,10,18,,22,32,19,In-sample
2016-08-01T03:00:00.000Z,21,23,14,18,16,19,,19,51,24,In-sample
2016-09-01T03:00:00.000Z,22,24,22,29,2,20,,18,19,19,In-sample
2016-10-01T03:00:00.000Z,10,25,21,25,34,21,,18,19,24,In-sample
2016-11-01T02:00:00.000Z,12,14,19,18,14,18,,18,36,20,In-sample
2016-12-01T02:00:00.000Z,11,14,4,8,-7,8,,14,13,7,In-sample
2017-01-01T02:00:00.000Z,32,10,7,13,26,11,,26,60,23,In-sample
2017-02-01T02:00:00.000Z,20,27,39,37,30,30,,22,18,30,In-sample
2017-03-01T03:00:00.000Z,45,23,27,20,43,26,,43,48,33,In-sample
2017-04-01T03:00:00.000Z,42,40,34,31,32,35,,42,36,35,In-sample
2017-05-01T03:00:00.000Z,43,41,50,47,66,47,,46,-8,40,In-sample
2017-06-01T03:00:00.000Z,41,48,46,47,37,40,,39,55,45,In-sample
2017-07-01T03:00:00.000Z,62,43,38,40,36,48,,56,108,53,In-sample
2017-08-01T03:00:00.000Z,36,56,55,55,48,52,,42,23,47,In-sample
2017-09-01T03:00:00.000Z,41,48,42,53,25,44,,45,43,42,In-sample
2017-10-01T03:00:00.000Z,43,42,35,42,55,35,,44,72,48,In-sample
2017-11-01T02:00:00.000Z,79,44,39,40,41,40,,73,73,49,In-sample
2017-12-01T02:00:00.000Z,49,67,66,65,42,55,,45,66,59,In-sample
2018-01-01T02:00:00.000Z,83,61,71,74,69,76,,81,86,74,In-sample
2018-02-01T02:00:00.000Z,102,77,76,76,77,65,,94,91,79,In-sample
2018-03-01T03:00:00.000Z,142,93,106,92,109,107,,132,122,107,In-sample
2018-04-01T03:00:00.000Z,132,133,139,138,115,124,,124,87,122,In-sample
2018-05-01T03:00:00.000Z,155,138,129,134,153,126,,152,136,138,In-sample
2018-06-01T03:00:00.000Z,125,154,145,144,137,140,,135,178,149,In-sample
2018-07-01T03:00:00.000Z,202,139,147,147,128,157,,196,212,158,In-sample
2018-08-01T03:00:00.000Z,143,183,172,175,166,154,,131,143,163,In-sample
2018-09-01T03:00:00.000Z,168,160,151,173,137,159,,164,197,163,In-sample
2018-10-01T03:00:00.000Z,185,177,175,176,175,157,,185,185,176,In-sample
2018-11-01T03:00:00.000Z,146,175,176,170,173,195,,146,155,171,In-sample
2018-12-01T02:00:00.000Z,158,166,167,174,138,152,,159,155,159,In-sample
2019-01-01T02:00:00.000Z,152,169,167,166,173,173,,161,155,166,In-sample
2019-02-01T02:00:00.000Z,205,142,154,152,162,167,,201,175,162,In-sample
2019-03-01T03:00:00.000Z,216,212,230,209,204,211,,204,166,205,In-sample
2019-04-01T03:00:00.000Z,201,191,205,204,198,204,,199,192,199,In-sample
2019-05-01T03:00:00.000Z,212,236,219,223,228,216,,210,219,222,In-sample
2019-06-01T03:00:00.000Z,128,198,188,181,203,185,,130,144,179,In-sample
2019-07-01T03:00:00.000Z,142,170,191,189,159,222,,143,161,177,In-sample
2019-08-01T03:00:00.000Z,166,151,126,136,147,126,,164,192,149,In-sample
2019-09-01T03:00:00.000Z,147,144,141,156,141,153,,146,148,146,In-sample
2019-10-01T03:00:00.000Z,206,175,171,175,165,169,,199,222,182,In-sample
2019-11-01T03:00:00.000Z,160,173,190,182,181,163,,158,150,173,In-sample
2019-12-01T03:00:00.000Z,150,189,156,157,149,172,,152,144,158,In-sample
2020-01-01T03:00:00.000Z,171,156,184,183,173,160,,167,154,169,In-sample
2020-02-01T03:00:00.000Z,106,169,171,156,172,201,,114,45,146,In-sample
2020-03-01T03:00:00.000Z,126,128,168,163,154,173,,129,106,146,In-sample
2020-04-01T03:00:00.000Z,96,132,117,112,127,130,,98,117,120,In-sample
2020-05-01T03:00:00.000Z,51,98,96,99,139,135,,57,64,100,In-sample
2020-06-01T03:00:00.000Z,56,78,54,60,74,40,,63,81,66,In-sample
2020-07-01T03:00:00.000Z,54,56,62,52,61,68,,55,99,66,In-sample
2020-08-01T03:00:00.000Z,54,49,47,57,55,68,,61,52,54,In-sample
2020-09-01T03:00:00.000Z,63,65,68,67,38,43,,64,81,61,In-sample
2020-10-01T03:00:00.000Z,73,48,63,57,72,94,,72,72,67,In-sample
2020-11-01T03:00:00.000Z,83,83,76,76,66,50,,78,72,72,In-sample
2020-12-01T03:00:00.000Z,56,67,60,51,55,58,,65,27,53,In-sample
2021-01-01T03:00:00.000Z,141,77,76,85,79,92,,130,96,87,In-sample
2021-02-01T03:00:00.000Z,120,110,124,116,113,92,,121,90,110,In-sample
2021-03-01T03:00:00.000Z,95,119,135,133,135,144,,102,102,125,In-sample
2021-04-01T03:00:00.000Z,89,121,114,123,101,119,,95,119,114,In-sample
2021-05-01T03:00:00.000Z,76,81,64,64,123,79,,78,65,80,In-sample
2021-06-01T03:00:00.000Z,80,93,57,69,81,71,,89,129,84,In-sample
2021-07-01T03:00:00.000Z,95,73,95,95,78,80,,103,108,90,In-sample
2021-08-01T03:00:00.000Z,128,94,82,86,85,89,,116,142,98,In-sample
2021-09-01T03:00:00.000Z,69,117,121,121,92,107,,91,68,102,In-sample
2021-10-01T03:00:00.000Z,101,84,104,94,100,112,,109,97,99,In-sample
2021-11-01T03:00:00.000Z,97,109,97,94,94,96,,97,64,92,In-sample
2021-12-01T03:00:00.000Z,90,78,68,64,75,66,,88,31,65,In-sample
2022-01-01T03:00:00.000Z,112,114,135,134,107,142,,108,98,119,In-sample
2022-02-01T03:00:00.000Z,156,91,103,101,110,111,,142,155,115,In-sample
2022-03-01T03:00:00.000Z,121,150,147,143,153,127,,136,136,143,In-sample
2022-04-01T03:00:00.000Z,112,129,125,137,124,130,,121,119,126,In-sample
2022-05-01T03:00:00.000Z,151,121,111,112,146,106,,149,165,130,In-sample
2022-06-01T03:00:00.000Z,144,145,105,108,132,120,,140,163,130,In-sample
2022-07-01T03:00:00.000Z,141,132,169,174,136,142,,135,172,154,In-sample
2022-08-01T03:00:00.000Z,131,166,154,153,136,171,,130,127,147,In-sample
2022-09-01T03:00:00.000Z,80,113,116,123,117,113,,84,78,107,In-sample
2022-10-01T03:00:00.000Z,125,123,116,105,118,127,,116,99,114,In-sample
2022-11-01T03:00:00.000Z,60,98,109,109,115,115,,72,-2,87,In-sample
2022-12-01T03:00:00.000Z,60,86,64,68,65,79,,68,32,64,In-sample
2023-01-01T03:00:00.000Z,71,71,97,89,86,93,,74,86,87,In-sample
2023-02-01T03:00:00.000Z,83,54,69,62,78,109,,87,90,77,In-sample
2023-03-01T03:00:00.000Z,187,94,82,80,99,61,,180,179,108,In-sample
2023-04-01T03:00:00.000Z,113,138,129,135,135,100,,118,148,131,In-sample
2023-05-01T03:00:00.000Z,284,139,150,150,151,143,,276,326,188,In-sample
2023-06-01T03:00:00.000Z,204,242,227,213,207,190,,196,242,220,In-sample
2023-07-01T03:00:00.000Z,97,199,212,224,203,219,,102,110,185,In-sample
2023-08-01T03:00:00.000Z,134,176,182,194,143,180,,136,120,162,In-sample
2023-09-01T03:00:00.000Z,92,106,61,66,121,108,,93,65,87,In-sample
2023-10-01T03:00:00.000Z,111,108,126,132,126,150,,111,52,113,In-sample
2023-11-01T03:00:00.000Z,181,121,112,123,111,90,,168,150,123,In-sample
2023-12-01T03:00:00.000Z,76,133,119,119,129,129,,76,74,113,In-sample
2024-01-01T03:00:00.000Z,103,135,146,141,124,133,,106,119,131,In-sample
2024-02-01T03:00:00.000Z,105,84,120,93,113,111,,110,81,102,In-sample
2024-03-01T03:00:00.000Z,135,114,101,91,127,159,,135,152,123,In-sample
2024-04-01T03:00:00.000Z,110,116,128,142,119,57,,117,162,124,In-sample
2024-05-01T03:00:00.000Z,349,340,361,335,357,201,,350,380,339,In-sample
2024-06-01T03:00:00.000Z,148,126,115,120,122,214,,142,164,139,In-sample
2024-07-01T03:00:00.000Z,119,143,120,125,133,148,,117,133,131,In-sample
2024-08-01T03:00:00.000Z,124,130,125,144,123,177,,129,82,126,In-sample
2024-09-01T03:00:00.000Z,85,127,108,126,107,115,,98,18,97,In-sample
2024-10-01T03:00:00.000Z,120,96,108,93,116,119,,118,85,103,In-sample
2024-11-01T03:00:00.000Z,111,117,120,137,111,160,,104,104,121,In-sample
2024-12-01T03:00:00.000Z,87,105,80,85,91,64,,94,78,85,In-sample
2025-01-01T03:00:00.000Z,117,104,112,106,113,103,,115,99,107,In-sample
2025-02-01T03:00:00.000Z,101,107,126,107,115,117,,105,88,110,In-sample
2025-03-01T03:00:00.000Z,120,99,131,112,126,131,,119,153,126,In-sample
2025-04-01T03:00:00.000Z,123,128,92,107,111,61,,126,151,112,In-sample
2025-05-01T03:00:00.000Z,320,281,325,307,321,287,,310,368,318,In-sample
2025-06-01T03:00:00.000Z,176,155,137,134,123,147,121,117,131,133,Backtest (out-of-sample)
2025-07-01T03:00:00.000Z,145,134,124,121,123,136,120,129,126,126,Backtest (out-of-sample)
2025-08-01T03:00:00.000Z,118,156,124,128,123,163,120,144,110,130,Backtest (out-of-sample)
2025-09-01T03:00:00.000Z,111,146,117,136,105,136,102,146,108,121,Backtest (out-of-sample)
2025-10-01T03:00:00.000Z,136,145,125,130,126,170,122,133,112,130,Backtest (out-of-sample)
2025-11-01T03:00:00.000Z,111,160,136,168,121,180,117,159,107,138,Backtest (out-of-sample)
2025-12-01T03:00:00.000Z,84,139,100,126,101,140,98,140,114,115,Backtest (out-of-sample)
2026-01-01T03:00:00.000Z,95,165,125,137,127,168,121,132,116,134,Backtest (out-of-sample)
2026-02-01T03:00:00.000Z,83,143,128,147,128,154,124,146,116,133,Backtest (out-of-sample)
2026-03-01T03:00:00.000Z,106,161,157,147,146,172,143,157,120,148,Backtest (out-of-sample)
2026-04-01T03:00:00.000Z,122,153,131,145,130,145,124,140,127,135,Backtest (out-of-sample)
2026-05-01T03:00:00.000Z,224,155,161,156,152,334,147,124,130,165,Backtest (out-of-sample)
2026-06-01T03:00:00.000Z,,194,193,177,168,114,168,148,128,164,SARIMAX-12 (RMSE) / LSTM_Forecast (multicrit.)
2026-07-01T03:00:00.000Z,,187,184,189,166,89,164,108,119,156,SARIMAX-12 (RMSE) / LSTM_Forecast (multicrit.)
2026-08-01T03:00:00.000Z,,216,185,193,163,86,161,108,107,157,SARIMAX-12 (RMSE) / LSTM_Forecast (multicrit.)
2026-09-01T03:00:00.000Z,,187,148,174,147,80,144,102,99,139,SARIMAX-12 (RMSE) / LSTM_Forecast (multicrit.)
2026-10-01T03:00:00.000Z,,212,189,206,168,118,165,140,109,166,SARIMAX-12 (RMSE) / LSTM_Forecast (multicrit.)
2026-11-01T03:00:00.000Z,,202,171,212,161,104,158,107,106,156,SARIMAX-12 (RMSE) / LSTM_Forecast (multicrit.)
2026-12-01T03:00:00.000Z,,202,146,197,140,85,138,108,115,144,SARIMAX-12 (RMSE) / LSTM_Forecast (multicrit.)
2027-01-01T03:00:00.000Z,,216,173,206,164,102,162,82,109,157,SARIMAX-12 (RMSE) / LSTM_Forecast (multicrit.)
2027-02-01T03:00:00.000Z,,198,162,198,164,88,163,80,119,153,SARIMAX-12 (RMSE) / LSTM_Forecast (multicrit.)
2027-03-01T03:00:00.000Z,,221,192,208,183,103,182,99,115,169,SARIMAX-12 (RMSE) / LSTM_Forecast (multicrit.)
2027-04-01T03:00:00.000Z,,203,179,206,171,113,165,117,120,163,SARIMAX-12 (RMSE) / LSTM_Forecast (multicrit.)
2027-05-01T03:00:00.000Z,,219,230,229,199,238,188,126,135,198,SARIMAX-12 (RMSE) / LSTM_Forecast (multicrit.)
,,,,,,,,,,,
MÉTRICAS DE VALIDAÇÃO (Holdout 12 meses — backtest out-of-sample),,,,,,,,,,,
Coluna 'Vencedor' na área de forecast indica o modelo com menor RMSE no holdout. Critério: menor RMSE = SARIMAX-12 (RMSE=32.45). Multicritério (RMSE·0.5 + CRPS·0.3 + Desvio_CV·0.2): LSTM_Forecast (score=0.1398). Ver PREVISAO_CRPS_MULTICRITERIO para tabela completa de scores.,,,,,,,,,,,
Região 'In-sample' (histórico antes do holdout): valores ajustados = real − resíduo do modelo. Região 'Backtest': previsão out-of-sample do modelo treinado até T−12 para os 12 meses seguintes. Região 'Forecast': projeção além do último ponto observado.,,,,,,,,,,,
Modelo,MAE,RMSE,R²,MAPE (%),AIC,BIC,Configuração,,,,
ARIMA,41.87,46.51,-0.437,37.75,1302.45,1322.57,"ARIMA(3,2,3)",,,,
SARIMAX-12,26.8,32.45,0.301,22.13,1105.14,1132.06,"SARIMAX(2,1,2)(0,1,1)[12]+exog",,,,
SARIMAX-6,36.96,41.59,-0.149,32.14,1222.91,1250.87,"SARIMAX(2,1,2)(0,1,1)[6]+exog",,,,
Holt-Winters,26.7,33.89,0.237,21.33,965.23,1011.95,"HW(α=0.545,β=0.000,γ=0.000)",,,,
Prophet/UC,50.86,57.72,-1.212,44.18,1284.08,1306.65,UnobservedComponents(LLT + seasonal=12 + exog),,,,
Theta,25.63,33.95,0.235,19.84,—,—,Theta(period=12),,,,
GradientBoosting,1900-03-25T06:13:40.000Z,85.98,NaN,38.01,—,—,"GBR-DIRECT(H=12, n=200, depth=3, lr=0.05)",,,,
LSTM_Forecast,24.93,34.84,0.194,18.79,—,—,"LSTM(W=12,units=64)+exog4",,,,
Ensemble,34.95,41.45,-0.029,27.09,—,—,Média ponderada por 1/RMSE,,,,
,,,,,,,,,,,
TESTES DE ESTACIONARIEDADE,,,,,,,,,,,
Teste,Estatística,p-valor,Interpretação,,,,,,,,
ADF (Dickey-Fuller),-2.1697,0.2174,Não estacionária,,,,,,,,
KPSS,1899-12-30T23:34:55.840Z,0.01,Não estacionária,,,,,,,,
,,,,,,,,,,,
Outliers tratados: 2 ponto(s) com |z|>3.0,,,,,,,,,,,
Atualizado em,2026-06-05T04:37:23.000Z,,,,,,,,,,
